"SeasonYear","Total_PRCP","SPI","Class"
2020,952.01,1.00036819664154,"Wet"
2021,865.17,-1.00039410897597,"Drought"
